<?xml version="1.0" encoding="UTF-8"?>
<project-private xmlns="http://www.netbeans.org/ns/project-private/1">
    <editor-bookmarks xmlns="http://www.netbeans.org/ns/editor-bookmarks/2" lastBookmarkId="0"/>
    <open-files xmlns="http://www.netbeans.org/ns/projectui-open-files/2">
        <group>
            <file>file:/C:/Users/HENRY/Desktop/coe528/lab1/FlightBooking/src/flightbooking/Manager.java</file>
            <file>file:/C:/Users/HENRY/Desktop/coe528/lab1/FlightBooking/src/flightbooking/Passenger.java</file>
            <file>file:/C:/Users/HENRY/Desktop/coe528/lab1/FlightBooking/test/FlightTest.java</file>
            <file>file:/C:/Users/HENRY/Desktop/coe528/lab1/FlightBooking/src/flightbooking/Ticket.java</file>
            <file>file:/C:/Users/HENRY/Desktop/coe528/lab1/FlightBooking/src/flightbooking/Flight.java</file>
            <file>file:/C:/Users/HENRY/Desktop/coe528/lab1/FlightBooking/src/flightbooking/NonMember.java</file>
            <file>file:/C:/Users/HENRY/Desktop/coe528/lab1/FlightBooking/src/flightbooking/Member.java</file>
        </group>
    </open-files>
</project-private>
